number,value,datetime_start,datetime_complete,duration,params_algorithm,params_attn_d_model,params_attn_n_head,params_attn_n_layers,params_batch_size,params_coral_lambda,params_dro_eta,params_dropout,params_eegnet_depth_multiplier,params_eegnet_kernel_length,params_eegnet_n_filters_1,params_irm_lambda,params_lr,params_meegnet_n_filters_1,params_meegnet_n_filters_2,params_mixup_alpha,params_mmd_lambda,params_net_architecture,params_weight_decay,state
36,0.53515625,2025-06-13 21:33:13.819518,2025-06-13 21:48:47.563822,0 days 00:15:33.744304,CORAL,128,2,1,32,0.1839628528840929,0.03148837863304346,0.1293469962615762,4,64,32,0.5600425342872103,0.0023807198829467087,16,128,0.28094198521483443,4.413614679072384,eegnet,5.228128380263764e-05,COMPLETE
102,0.53125,2025-06-14 02:01:48.887288,2025-06-14 02:11:10.352147,0 days 00:09:21.464859,MMD,128,2,2,32,1.9018458740038506,0.05849748696900634,0.12421699417832459,2,64,16,4.808350296506256,0.004795684788603329,64,64,0.24162975114276783,0.5617312054837154,eegnet,1.2421203360147557e-05,COMPLETE
112,0.52734375,2025-06-14 03:02:32.748840,2025-06-14 03:11:24.616830,0 days 00:08:51.867990,MMD,128,2,2,32,2.572113252356437,0.06303674540902807,0.44470302749754753,2,64,16,0.5054707182325828,0.005720587782642697,64,64,0.4551266063311324,0.47233005767691155,eegnet,4.197135229543361e-05,COMPLETE
104,0.52734375,2025-06-14 02:13:57.703852,2025-06-14 02:24:11.115530,0 days 00:10:13.411678,MMD,128,2,2,32,1.7333072022506286,0.0636305580625717,0.14357787647417367,2,64,16,7.417159236239201,0.0040936903533590205,64,64,0.463653866584186,0.47191743959126503,eegnet,1.838166481807695e-05,COMPLETE
21,0.5234375,2025-06-13 20:08:33.937686,2025-06-13 20:17:27.809659,0 days 00:08:53.871973,CORAL,128,2,2,64,0.22429663011346368,0.09124537562273742,0.19207521381002507,2,64,32,0.7051346565826415,0.005558618934107666,16,64,0.28025626205510323,0.4371390838665356,eegnet,1.2566446707113883e-05,COMPLETE
88,0.5234375,2025-06-14 00:28:40.725601,2025-06-14 00:37:39.563854,0 days 00:08:58.838253,MMD,128,2,1,32,1.827253238889789,0.05401701599142185,0.1344610573097868,2,64,16,0.7346224172632223,0.004100533688933321,64,128,0.2542299482724416,0.41335478824420246,eegnet,2.3271655916010702e-05,COMPLETE
145,0.5234375,2025-06-14 05:51:17.948176,2025-06-14 06:02:36.824989,0 days 00:11:18.876813,MMD,128,2,2,32,5.357110356649091,0.06721426625142855,0.12151817463824723,2,64,16,6.557529499017182,0.0034783988900018987,64,64,0.4742933204637117,0.5851002275869818,eegnet,1.2370931468765208e-05,COMPLETE
94,0.51953125,2025-06-14 01:21:08.523331,2025-06-14 01:30:23.366088,0 days 00:09:14.842757,MMD,128,4,2,32,4.850174667718212,0.059464825669808666,0.11196827984543758,2,64,16,0.5109180625873772,0.004856288956650322,64,128,0.2454743471702575,0.28075034117175274,eegnet,2.960057968617349e-05,COMPLETE
120,0.51953125,2025-06-14 04:05:42.580775,2025-06-14 04:15:58.722382,0 days 00:10:16.141607,MMD,128,2,2,32,1.8067049288608266,0.06543249338795314,0.34500205322799904,2,64,16,0.6163954902641672,0.006384061602029269,64,64,0.4992652852708491,0.4211563034245303,eegnet,2.7192597326025376e-05,COMPLETE
87,0.51953125,2025-06-14 00:19:27.600274,2025-06-14 00:28:40.713041,0 days 00:09:13.112767,MMD,128,2,1,32,1.7280970339496036,0.04721742208098309,0.13857948085103125,2,64,16,0.6850018365885878,0.003845323862461828,64,128,0.27977899992154515,0.4160327663581558,eegnet,2.2664191274647063e-05,COMPLETE
132,0.515625,2025-06-14 04:53:04.154043,2025-06-14 05:04:47.603303,0 days 00:11:43.449260,MMD,128,2,2,32,7.935347983683084,0.09272212655303748,0.17194595665291917,2,64,16,7.082197765387733,0.004599657004339235,32,64,0.24624522238399926,0.4243074950437855,eegnet,6.25433370441988e-05,COMPLETE
105,0.51171875,2025-06-14 02:24:11.126180,2025-06-14 02:31:12.060468,0 days 00:07:00.934288,MMD,128,2,2,32,2.023077852160666,0.06403728192934942,0.14303061139028986,2,64,16,7.218896547892944,0.004223920361535228,64,64,0.4593294787620669,0.5442874572541949,eegnet,1.943165864189449e-05,COMPLETE
26,0.51171875,2025-06-13 20:38:11.862560,2025-06-13 20:48:10.683374,0 days 00:09:58.820814,CORAL,128,2,1,64,0.21413675394967707,0.03792133659879329,0.15096674387271036,4,64,32,2.203191695775456,0.002576955918895441,16,128,0.30465981132196196,0.8308433413639653,eegnet,1.2775115099659718e-05,COMPLETE
114,0.5078125,2025-06-14 03:17:03.370347,2025-06-14 03:27:20.060900,0 days 00:10:16.690553,MMD,128,2,2,32,1.5284229743551827,0.051721068212590385,0.3644491527940525,2,64,16,0.6689060510061217,0.006524113959535569,64,64,0.4725989129975205,0.5983350242674272,eegnet,5.735273116893077e-05,COMPLETE
93,0.50390625,2025-06-14 01:09:33.314033,2025-06-14 01:21:08.512482,0 days 00:11:35.198449,MMD,128,4,2,32,4.822012761432665,0.057339121298227186,0.11333808642486351,2,64,16,0.6283411545002588,0.0037441374109592686,64,128,0.24221796313427235,0.303213425125794,eegnet,2.982165789736044e-05,COMPLETE
137,0.50390625,2025-06-14 05:10:56.145629,2025-06-14 05:22:14.826897,0 days 00:11:18.681268,MMD,128,2,2,32,7.564846271865256,0.05949343527012875,0.15390429867423508,2,64,16,4.504386454985126,0.0050985777203517,64,64,0.4851427343416233,0.36240030580652915,eegnet,1.5028785318439466e-05,COMPLETE
32,0.5,2025-06-13 21:17:11.427039,2025-06-13 21:29:35.055224,0 days 00:12:23.628185,CORAL,128,2,1,64,0.14830287769775524,0.0345695844349323,0.1647862853646757,4,64,32,7.544715575467109,0.0039333770132985255,16,128,0.27529140930678775,2.6805173364522217,eegnet,3.944280444417739e-05,COMPLETE
106,0.5,2025-06-14 02:31:12.071755,2025-06-14 02:44:49.645090,0 days 00:13:37.573335,MMD,128,2,2,32,1.6775213744282313,0.07263361870421031,0.14242924234131435,2,64,16,4.983475101715032,0.005361478921142386,64,64,0.46930481204809016,0.4798830545943314,eegnet,2.0925492774318912e-05,PRUNED
22,0.5,2025-06-13 20:17:27.819793,2025-06-13 20:26:18.113340,0 days 00:08:50.293547,CORAL,128,2,2,64,0.21797680328138228,0.08784365178507167,0.17615381481865022,2,64,32,0.5966685523795101,0.005765439990596272,16,64,0.2892746740145933,0.42067197917028715,eegnet,6.76023848643732e-05,COMPLETE
27,0.49609375,2025-06-13 20:48:10.695946,2025-06-13 20:59:19.846388,0 days 00:11:09.150442,CORAL,128,2,1,64,0.7969107973502568,0.0497760554066562,0.15357942587814866,4,64,32,7.710282094773913,0.0027208164961705365,16,128,0.3194228201324341,0.8711247811994276,eegnet,1.5213299211903931e-05,COMPLETE
142,0.49609375,2025-06-14 05:37:43.119764,2025-06-14 05:47:32.347019,0 days 00:09:49.227255,MMD,128,2,2,32,1.902120065513813,0.0587967123994368,0.17346219174905286,2,64,16,3.553034921136397,0.004801310064914942,64,64,0.48205634341505244,0.2727245263540631,eegnet,1.676666114404668e-05,COMPLETE
17,0.4921875,2025-06-13 19:43:19.133585,2025-06-13 19:56:26.185574,0 days 00:13:07.051989,CORAL,64,2,2,64,0.19457191599327522,0.015221189970545937,0.23039812533612541,2,64,32,2.0423393351447365,0.005476285103049021,16,64,0.20055214017517964,0.5210743407291881,eegnet,1.070262132176555e-05,COMPLETE
92,0.4921875,2025-06-14 00:59:47.727654,2025-06-14 01:09:33.299496,0 days 00:09:45.571842,MMD,128,4,2,32,5.7952074205468715,0.04739446775048811,0.12977537307498552,2,64,16,0.6412138691519592,0.004532811129038371,64,128,0.21725850149619405,0.372163307716727,eegnet,2.1689620850081532e-05,COMPLETE
118,0.4921875,2025-06-14 03:41:50.383769,2025-06-14 03:53:03.579065,0 days 00:11:13.195296,MMD,128,2,2,32,2.042335763476157,0.054055877532304175,0.3853564244705548,2,64,16,0.9818308040426988,0.005379637018656724,64,64,0.4668213144777288,0.5113676238102145,eegnet,1.1335894944391585e-05,COMPLETE
125,0.48828125,2025-06-14 04:29:33.049005,2025-06-14 04:42:10.515316,0 days 00:12:37.466311,MMD,128,2,2,32,1.361138276930522,0.056988283046464625,0.2962862548890801,2,64,16,0.652725812190659,0.005151205755367532,64,64,0.4400850092836654,0.5215458351790525,eegnet,3.2369280202843426e-05,PRUNED
101,0.48828125,2025-06-14 01:52:03.237261,2025-06-14 02:01:48.876162,0 days 00:09:45.638901,MMD,64,2,2,32,3.0818386579133104,0.09738130344935418,0.16219179817443763,2,64,16,0.44658764692290936,0.005932537285671149,64,128,0.20920227565378682,0.3588726718398928,eegnet,2.8890902148474156e-05,COMPLETE
90,0.48828125,2025-06-14 00:43:06.375195,2025-06-14 00:53:19.464188,0 days 00:10:13.088993,MMD,128,4,2,32,3.6796289227602395,0.049583315233433185,0.1269180741887774,2,64,16,9.943526803916585,0.0032837314661955655,64,128,0.21676573272579558,0.4228956060631708,eegnet,2.2683382098399527e-05,COMPLETE
42,0.484375,2025-06-13 21:57:43.167427,2025-06-13 22:07:13.333069,0 days 00:09:30.165642,CORAL,128,2,1,64,0.17526861513964928,0.03408347169225844,0.19433315783214422,4,64,32,0.6040936688355775,0.0055136675285142964,16,128,0.28523502024471226,6.943604308714704,eegnet,0.00011712882642344142,COMPLETE
89,0.48046875,2025-06-14 00:37:39.575009,2025-06-14 00:43:06.355797,0 days 00:05:26.780788,MMD,128,2,1,32,1.817935209388751,0.053753160929987255,0.13696812216567975,2,32,16,0.7340558863825839,0.004045066577612628,64,64,0.25492347071200233,0.22975717695430298,eegnet,3.33852254350565e-05,COMPLETE
130,0.48046875,2025-06-14 04:45:52.771751,2025-06-14 04:51:59.207846,0 days 00:06:06.436095,MMD,128,4,2,32,2.2636749551603628,0.043364059882419016,0.2623325163819825,2,64,16,0.46154062399955537,0.006236322515399987,64,64,0.49469829814380345,0.3057403519357791,eegnet,6.3801944829968566e-06,COMPLETE
31,0.48046875,2025-06-13 21:07:26.375371,2025-06-13 21:17:11.416076,0 days 00:09:45.040705,CORAL,128,2,1,64,0.850901565991449,0.044762420652869,0.15296374884002528,4,64,32,0.8198776889037039,0.002703726949586175,16,128,0.3167361407826084,0.8206071701578133,eegnet,1.5967110116364823e-05,COMPLETE
147,0.48046875,2025-06-14 06:03:05.214627,2025-06-14 06:12:27.918613,0 days 00:09:22.703986,GroupDRO,128,2,2,32,4.26432754547063,0.06739878112232336,0.10776087410484551,2,64,16,7.366065891200522,0.00281635774047139,64,64,0.4468254685288931,0.5639057227002263,eegnet,9.659429028549412e-06,COMPLETE
97,0.4765625,2025-06-14 01:39:38.630260,2025-06-14 01:47:59.441394,0 days 00:08:20.811134,MMD,128,4,2,32,1.648194515280551,0.06698501319911067,0.11691649887001616,2,64,16,0.3637912175983345,0.002566906103518764,64,128,0.25760519825248945,0.28252359433408486,eegnet,1.7474787426927223e-05,PRUNED
19,0.4765625,2025-06-13 19:57:58.607215,2025-06-13 20:06:56.201307,0 days 00:08:57.594092,CORAL,128,2,2,64,0.2185348145146178,0.09203549663386908,0.25165455231981493,2,64,32,0.5078349801819816,0.005314913354105997,16,64,0.18159318659628365,0.6121711664527054,eegnet,8.005274448520281e-05,COMPLETE
91,0.4765625,2025-06-14 00:53:19.475544,2025-06-14 00:59:47.717274,0 days 00:06:28.241730,MMD,128,4,2,32,3.909850573962823,0.048825928387913234,0.14479801765730926,2,64,16,8.691382005920278,0.003309933277691538,64,128,0.1877560177627825,0.41477346437522766,eegnet,2.36929401558843e-05,COMPLETE
46,0.4765625,2025-06-13 22:19:12.316227,2025-06-13 22:28:47.772749,0 days 00:09:35.456522,CORAL,128,2,1,64,0.2238264215831763,0.043610868204218896,0.2627531534748753,4,64,32,0.33960024849725456,0.008200992852255048,16,64,0.3489631752768503,4.351666443677776,eegnet,2.431760328204491e-06,COMPLETE
23,0.47265625,2025-06-13 20:26:18.127812,2025-06-13 20:35:06.859853,0 days 00:08:48.732041,CORAL,128,2,2,64,0.17851220566101367,0.07182809037267782,0.1801495623941992,2,64,32,1.7806139791695594,0.006626280224435423,16,64,0.2939694348454533,0.40150365390840065,eegnet,1.1988086752536129e-05,COMPLETE
108,0.46875,2025-06-14 02:45:17.582385,2025-06-14 02:50:25.085641,0 days 00:05:07.503256,MMD,128,2,2,32,1.865023768019898,0.06575895796162955,0.10054076865105312,2,64,16,4.124051782712384,0.004250409071310864,64,64,0.41220858280403994,0.6542434411120926,eegnet,1.4776368911664789e-05,COMPLETE
15,0.46875,2025-06-13 19:22:40.238394,2025-06-13 19:31:24.224280,0 days 00:08:43.985886,CORAL,128,2,2,64,0.2798045356743108,0.015870823018836737,0.34540528569722273,2,64,32,0.6874303767334552,0.0014452144373947994,16,64,0.4976990694731961,0.21817630189528495,eegnet,8.1040261096436e-06,COMPLETE
117,0.46484375,2025-06-14 03:34:22.016395,2025-06-14 03:41:50.371971,0 days 00:07:28.355576,MMD,128,2,2,32,2.5874760422533223,0.055898839834714206,0.4985668424296142,2,64,16,0.8253589428527892,0.007487581630866808,64,64,0.489425041444149,0.7119930840167716,eegnet,3.461414200977223e-05,COMPLETE
95,0.46484375,2025-06-14 01:30:23.377651,2025-06-14 01:34:32.668174,0 days 00:04:09.290523,MMD,128,4,2,32,4.697827280740463,0.05701673779792381,0.1157003324978996,2,64,16,0.48183497411512954,0.0038261244599469887,64,128,0.23817851629023434,0.29756286988757785,eegnet,2.9309455930807336e-05,COMPLETE
60,0.46484375,2025-06-13 22:55:37.272521,2025-06-13 23:04:31.878874,0 days 00:08:54.606353,CORAL,128,2,1,64,0.3498579261250475,0.09732456694284368,0.12324044557816145,4,64,32,0.5117733209660026,0.004940633438238844,16,64,0.20192241255956145,1.5257881236614357,eegnet,0.00015067660477652983,COMPLETE
124,0.46484375,2025-06-14 04:23:27.976237,2025-06-14 04:29:33.037835,0 days 00:06:05.061598,IRM,128,2,2,32,6.417885178113795,0.06972321902252566,0.3350253343142495,2,64,16,0.735542022063986,0.004321564030860547,64,64,0.459541496636975,0.6704341654178404,eegnet,2.0470695658528133e-05,COMPLETE
141,0.4609375,2025-06-14 05:33:31.372001,2025-06-14 05:37:43.108087,0 days 00:04:11.736086,MMD,128,2,2,32,7.80318659941916,0.06028745361105705,0.15208527604701597,2,64,16,5.303233188780326,0.005048760396608586,64,64,0.48454557888904887,0.3608843624513821,eegnet,1.48196897153598e-05,COMPLETE
44,0.4609375,2025-06-13 22:12:16.203206,2025-06-13 22:16:54.547550,0 days 00:04:38.344344,GroupDRO,128,2,1,32,0.12451315717938925,0.049009980805669616,0.11403051114744134,4,64,32,0.4543010216418188,0.002883254622163556,16,128,0.27545667374128524,3.3571922813655313,eegnet,2.4313437866544173e-05,COMPLETE
96,0.45703125,2025-06-14 01:34:32.681069,2025-06-14 01:39:38.618754,0 days 00:05:05.937685,MMD,128,4,2,32,4.639468355422348,0.059744943993562796,0.10235626178602324,2,64,16,0.5292676897231611,0.004959910443643959,64,128,0.2283876971357175,0.2010025125681212,eegnet,4.501257797050602e-05,COMPLETE
69,0.45703125,2025-06-13 23:22:48.212284,2025-06-13 23:32:13.779662,0 days 00:09:25.567378,MMD,128,2,1,64,0.6464170358527996,0.02861308136438413,0.13868495906103612,4,64,32,0.3716883242617095,0.004174175356381999,16,64,0.29633420210862205,0.4529619770811985,eegnet,9.404207008506021e-06,COMPLETE
110,0.453125,2025-06-14 02:52:17.829145,2025-06-14 02:59:46.003206,0 days 00:07:28.174061,MMD,128,4,2,32,2.0196283757449818,0.058015290653450693,0.1337212032051414,2,32,16,0.7482255166933981,0.0037143401934369266,64,64,0.4522723378474972,0.5426493574403393,eegnet,8.55158796783666e-06,COMPLETE
135,0.44921875,2025-06-14 05:06:13.661990,2025-06-14 05:10:27.724008,0 days 00:04:14.062018,MMD,128,2,2,32,3.3888515899889073,0.06629472506440866,0.11402128866985693,2,64,16,7.136713782557853,0.0035816568564444417,32,64,0.2667866087197739,0.2545607780239551,eegnet,1.9373443953377924e-05,COMPLETE
13,0.44140625,2025-06-13 19:10:32.457774,2025-06-13 19:21:17.681820,0 days 00:10:45.224046,IRM,64,2,2,64,0.36470321135235134,0.014843332280457805,0.43045119611829213,2,64,32,1.4031964500497143,0.0018312624280774046,16,32,0.4923440404041758,0.10255039964627603,eegnet,9.630848218270664e-06,COMPLETE
84,0.44140625,2025-06-14 00:06:37.387901,2025-06-14 00:12:10.683385,0 days 00:05:33.295484,CORAL,128,2,1,64,0.17041252387785594,0.03978928808479897,0.1023922240656016,4,64,32,7.793950938962192,0.001820835438737396,16,128,0.3006717685277207,0.7415722060793078,eegnet,3.897673661033075e-05,PRUNED
12,0.4375,2025-06-13 19:00:02.266341,2025-06-13 19:10:32.447882,0 days 00:10:30.181541,IRM,128,4,1,64,0.45226710738385206,0.011273489864084427,0.4513962777314403,2,64,32,1.2474538001490796,0.0016569391973366744,16,64,0.484735144597139,0.11681280241188742,eegnet,4.928019328856572e-06,COMPLETE
75,0.4296875,2025-06-13 23:42:41.767762,2025-06-13 23:47:32.188141,0 days 00:04:50.420379,GroupDRO,128,2,1,32,0.10151439525929071,0.03248014768677534,0.1803070553215565,4,64,16,0.9141236783876999,0.008637409687358403,16,128,0.26496098686164077,1.1427714779447682,eegnet,5.1090915769425597e-05,PRUNED
7,0.421875,2025-06-13 18:32:03.107882,2025-06-13 18:40:41.251558,0 days 00:08:38.143676,IRM,64,2,3,64,0.7022638229011136,0.023358969257976495,0.4748829468491912,2,64,32,3.230518260285623,0.0007378346243035926,16,32,0.3767897115421359,0.16750966168963954,eegnet,1.8953466142449835e-05,COMPLETE
119,0.421875,2025-06-14 03:53:03.590150,2025-06-14 04:05:42.561732,0 days 00:12:38.971582,MMD,128,2,2,32,1.5825700324623653,0.05080690629782974,0.3700084831556296,2,64,16,3.2516677464879917,0.004674799924093755,64,64,0.41614963725011983,0.5757186935142997,eegnet,1.3489239254135842e-05,PRUNED
64,0.421875,2025-06-13 23:11:40.515198,2025-06-13 23:16:44.939472,0 days 00:05:04.424274,CORAL,64,2,2,64,0.3006780668196585,0.01743372299071846,0.15210717797839457,2,64,32,0.8410355729690286,0.0038128274339528216,16,64,0.16694359716284252,0.5228914862901674,eegnet,6.663107006015657e-06,PRUNED
85,0.421875,2025-06-14 00:12:10.710595,2025-06-14 00:17:46.928240,0 days 00:05:36.217645,CORAL,128,2,1,64,0.7179703070473311,0.03335393016217978,0.21447761894949127,4,64,32,0.9637371094518751,0.004428108184174902,16,128,0.270076046014915,2.493442289114386,eegnet,1.0688617387124133e-05,PRUNED
9,0.41796875,2025-06-13 18:45:19.879261,2025-06-13 18:53:18.844254,0 days 00:07:58.964993,IRM,128,4,1,64,3.551261458829783,0.012071467060293987,0.48259622305338656,2,32,16,0.15205581443275223,0.000582499487183931,32,64,0.36056464947087596,1.3227499608621405,eegnet,4.013756110442005e-06,COMPLETE
30,0.4140625,2025-06-13 21:02:48.324334,2025-06-13 21:07:26.367243,0 days 00:04:38.042909,ERM,128,2,3,32,0.10228880422671056,0.06341536823930906,0.18126489993987116,4,64,8,5.506353329010696,0.002148764710797491,64,128,0.30963963684380125,0.9151356422891895,eegnet,0.00011023359452619993,PRUNED
54,0.40625,2025-06-13 22:42:29.970139,2025-06-13 22:47:37.009410,0 days 00:05:07.039271,CORAL,64,2,1,64,0.42533667565759575,0.046614414510659674,0.1559005998904605,2,64,32,7.959987501108196,0.006277706947203064,16,128,0.30350908640214724,0.6702718938832206,eegnet,3.087914542743501e-06,PRUNED
113,0.40234375,2025-06-14 03:11:24.627787,2025-06-14 03:17:03.352106,0 days 00:05:38.724319,MMD,128,2,2,32,2.8599155922113093,0.06286481759363585,0.4202361937674471,2,64,16,0.5152396340844946,0.005805758724318446,64,64,0.4277125526108698,0.3118954266094324,eegnet,4.1948875949382085e-05,PRUNED
115,0.3984375,2025-06-14 03:27:20.072587,2025-06-14 03:31:34.032227,0 days 00:04:13.959640,MMD,128,2,2,32,1.509146263108994,0.05172499218703152,0.45030924362311664,2,64,16,0.678495240478082,0.006651412578150895,64,64,0.4611122217305416,0.613077182526282,eegnet,1.824885165949688e-05,PRUNED
111,0.39453125,2025-06-14 02:59:46.014041,2025-06-14 03:02:32.741306,0 days 00:02:46.727265,MMD,128,2,2,32,2.3638201210255794,0.05623326879622643,0.1490844517757685,2,64,16,7.726116316841901,0.004927119996561892,64,64,0.25818322332641175,0.3868512058198517,eegnet,2.6108800048631268e-05,PRUNED
5,0.39453125,2025-06-13 18:17:58.904848,2025-06-13 18:27:58.167027,0 days 00:09:59.262179,MMD,64,4,3,128,1.0686753054672469,0.018998030094898255,0.48935815142984096,4,64,16,4.057652280810142,0.00023285533765567587,64,32,0.45075536212232636,1.8301467184231903,eegnet,2.4394003539391027e-05,COMPLETE
81,0.390625,2025-06-13 23:57:40.528158,2025-06-14 00:03:15.648702,0 days 00:05:35.120544,CORAL,128,2,1,64,0.8143729665695145,0.07616586526548866,0.17079656138777646,4,64,32,0.7921822044100025,0.0022843754553872023,16,128,0.315839355334673,0.9934981793358948,eegnet,1.6124621137659787e-05,PRUNED
103,0.3828125,2025-06-14 02:11:10.363181,2025-06-14 02:13:57.685177,0 days 00:02:47.321996,MMD,128,4,2,32,1.1044203641304104,0.058951877820612335,0.12092173392487825,2,64,16,6.274126206608623,0.004807813213529841,64,128,0.24075107036983462,0.3261623089813865,eegnet,1.2502112966898402e-05,PRUNED
144,0.37890625,2025-06-14 05:48:29.379305,2025-06-14 05:51:17.940442,0 days 00:02:48.561137,MMD,128,2,2,32,5.7144197980935045,0.050695527608748604,0.3883546876634685,2,64,16,3.8346853089981416,0.004075372375114055,64,64,0.466625286639122,0.3858494949524515,eegnet,7.739563576267585e-06,PRUNED
123,0.37890625,2025-06-14 04:20:39.962434,2025-06-14 04:23:27.968060,0 days 00:02:48.005626,MMD,128,2,2,32,1.9343683884606635,0.062325637696766543,0.11012357696179474,2,64,16,0.4940631017499701,0.000271342503222557,64,64,0.4525442980627031,0.45000753091281015,eegnet,1.6119799840108095e-05,PRUNED
38,0.37890625,2025-06-13 21:49:15.510222,2025-06-13 21:54:27.948180,0 days 00:05:12.437958,CORAL,128,2,1,32,0.20662788900666587,0.05002965847562933,0.10087731931254963,4,32,32,0.30047096192489786,0.00011517818159002566,32,128,0.33004422801632627,1.124019846064382,eegnet,0.0003822597741577194,PRUNED
116,0.36328125,2025-06-14 03:31:34.040094,2025-06-14 03:34:22.008493,0 days 00:02:47.968399,MMD,128,2,2,32,1.2116916783801994,0.061285135191768245,0.46911466115351025,2,64,16,0.4170334590045768,0.008216285658982522,64,64,0.48034608850877714,0.4725494884401727,eegnet,6.0368883589467864e-05,PRUNED
76,0.359375,2025-06-13 23:47:32.196746,2025-06-13 23:50:20.147680,0 days 00:02:47.950934,CORAL,128,2,1,64,0.2790549768185215,0.0880989128479227,0.11026064663279309,4,64,32,0.6881014241214279,0.005200076406432618,16,128,0.2845994864666747,3.091757027799867,eegnet,7.272597290021466e-05,PRUNED
122,0.35546875,2025-06-14 04:18:47.690363,2025-06-14 04:20:39.950755,0 days 00:01:52.260392,MMD,128,2,2,32,2.216993675353336,0.06492539766063554,0.39932713561854505,2,64,16,0.5646404135215344,0.006024341469976897,64,64,0.4750676458580063,0.3602702916220207,eegnet,2.3668213155119465e-05,PRUNED
121,0.3515625,2025-06-14 04:15:58.733455,2025-06-14 04:18:47.671978,0 days 00:02:48.938523,MMD,128,2,2,32,1.8128797760737938,0.07320912303871445,0.34304390771353627,2,64,16,0.6259443834696484,0.009104102093294316,64,64,0.49857047381979375,0.40497355039190425,eegnet,2.722733085591057e-05,PRUNED
139,0.3515625,2025-06-14 05:23:11.005240,2025-06-14 05:29:16.974164,0 days 00:06:05.968924,MMD,128,4,2,32,1.484915849259775,0.05409964075282853,0.13947631945991648,2,64,16,8.48472389649194,0.0004666433031720163,64,64,0.38487208983027305,0.33411798026264444,eegnet,1.061688480945223e-05,PRUNED
138,0.3515625,2025-06-14 05:22:14.839748,2025-06-14 05:23:10.986972,0 days 00:00:56.147224,MMD,128,2,2,32,4.213121501096747,0.0621415182640069,0.16521736997982675,2,64,16,0.7791996744233665,0.00394491787771018,64,128,0.2260586177680371,0.40613330111333523,eegnet,2.2227426260410005e-05,PRUNED
74,0.34765625,2025-06-13 23:41:03.144899,2025-06-13 23:42:41.739386,0 days 00:01:38.594487,CORAL,128,2,1,64,0.1838771285053188,0.044377659977978885,0.15890615669685,4,64,32,0.772832280885316,0.004447617697823627,16,128,0.30804183101286475,8.516710486923063,eegnet,0.00014142231325099924,PRUNED
71,0.34765625,2025-06-13 23:33:46.669092,2025-06-13 23:35:27.087755,0 days 00:01:40.418663,CORAL,128,2,1,64,0.16450941431127497,0.035559423345545314,0.19549218564456033,4,64,32,0.5786640083651461,0.005630024661664525,16,128,0.28635273676477463,7.195405078538569,eegnet,0.00012281784075436828,PRUNED
72,0.34765625,2025-06-13 23:35:27.095163,2025-06-13 23:38:14.709867,0 days 00:02:47.614704,CORAL,128,2,1,64,0.13250381069163036,0.039912001896910715,0.16669985719079616,4,64,32,1.0791390865474804,0.006511055173700438,16,128,0.27312842998452946,6.0537899909996185,eegnet,0.00010054774962457679,PRUNED
11,0.34765625,2025-06-13 18:55:49.831521,2025-06-13 19:00:02.239388,0 days 00:04:12.407867,ERM,128,2,2,64,3.977078371714298,0.010291464117017042,0.4988873926442533,2,64,16,1.4389649806829712,0.00031470442707720256,16,32,0.2632787874785477,0.5030922089423626,eegnet,4.833792753028612e-06,PRUNED
143,0.34765625,2025-06-14 05:47:32.358485,2025-06-14 05:48:29.359710,0 days 00:00:57.001225,MMD,128,2,2,32,8.536806827256264,0.055081235826309104,0.1574350581518464,2,64,16,4.574108164951434,0.0006149454397700667,64,64,0.49849904555382313,0.4989455656712675,eegnet,3.608060838465627e-05,PRUNED
63,0.34765625,2025-06-13 23:08:35.343134,2025-06-13 23:11:40.488403,0 days 00:03:05.145269,CORAL,64,2,2,64,0.24730315138695988,0.08159357966049618,0.23145226742228175,2,64,32,2.008555076050457,0.006917498774163916,16,64,0.27991487730209397,0.28039125063475456,eegnet,1.3414630596192918e-05,PRUNED
47,0.34375,2025-06-13 22:28:47.783212,2025-06-13 22:31:52.014981,0 days 00:03:04.231769,CORAL,128,4,2,64,0.1507284758164125,0.02020828742801971,0.12208761149826575,4,64,16,3.013023548725694,0.0022024606447493484,16,32,0.3290411380099023,2.4883588269338937,eegnet,1.468437891156821e-05,PRUNED
140,0.34375,2025-06-14 05:29:16.993043,2025-06-14 05:33:31.363839,0 days 00:04:14.370796,IRM,128,2,2,32,7.01476968320535,0.08132977971778163,0.3558700229732925,2,64,16,0.6078715994683305,0.005797903115843405,32,32,0.2417203455259786,0.7081550690658541,eegnet,7.608092478424151e-05,PRUNED
43,0.33984375,2025-06-13 22:07:13.343537,2025-06-13 22:12:16.195645,0 days 00:05:02.852108,CORAL,128,2,1,64,0.2705750885567349,0.061498525396456206,0.14269798500218253,4,64,32,0.9124846876129085,0.004378130781052404,16,128,0.3083899683154497,2.071533828695239,eegnet,4.457305585476389e-05,PRUNED
62,0.3359375,2025-06-13 23:07:03.056144,2025-06-13 23:08:35.316150,0 days 00:01:32.260006,CORAL,64,2,2,64,0.14485507286601296,0.06838574564574865,0.1767331088996238,2,64,32,1.5373992613277032,0.0060021971769540295,16,64,0.20673346331741685,0.37510846134432696,eegnet,1.8929231165002648e-05,PRUNED
53,0.3359375,2025-06-13 22:40:47.580317,2025-06-13 22:42:29.961448,0 days 00:01:42.381131,CORAL,128,2,1,64,0.8589550010562368,0.034487776977271914,0.1882582052424843,4,64,32,4.74671056764673,0.009745388884214598,16,128,0.2189943100948598,0.31386421646872487,eegnet,5.9686359553131515e-06,PRUNED
50,0.3359375,2025-06-13 22:34:36.124640,2025-06-13 22:36:18.651352,0 days 00:01:42.526712,MMD,128,2,2,64,0.1143900725107473,0.064474142901783,0.313837054266599,4,64,32,3.7760444529086303,0.004681852097937256,32,32,0.25887675244396025,0.7149941730361762,eegnet,2.0633988847884703e-05,PRUNED
109,0.3359375,2025-06-14 02:50:25.096397,2025-06-14 02:52:17.821021,0 days 00:01:52.724624,MMD,128,2,2,32,2.142862701594334,0.06975268407146495,0.12223255628318985,2,64,16,5.594352642923669,0.0070460212064932535,64,64,0.47965983168709453,0.4393874527661639,eegnet,3.160511406144235e-05,PRUNED
83,0.33203125,2025-06-14 00:04:56.542057,2025-06-14 00:06:37.380416,0 days 00:01:40.838359,CORAL,128,2,1,64,1.3015386026641211,0.04602359938667335,0.15743884310861767,4,64,32,1.1176058924641241,0.0028511146169497795,16,128,0.2894954711387455,0.8727144599087158,eegnet,8.832093927132978e-06,PRUNED
52,0.33203125,2025-06-13 22:37:59.969784,2025-06-13 22:40:47.551025,0 days 00:02:47.581241,CORAL,128,2,1,64,0.18655757841453982,0.041027858264183266,0.22339692648328718,4,64,32,5.6329732296648265,0.0019298283081835355,16,128,0.32511632145391756,0.5138403503105647,eegnet,1.2070160320395554e-05,PRUNED
82,0.33203125,2025-06-14 00:03:15.655996,2025-06-14 00:04:56.534497,0 days 00:01:40.878501,CORAL,128,2,1,64,0.9837700084324293,0.03626960162862103,0.11852273499090127,4,64,32,0.39655771881238455,0.0034403238627324206,16,128,0.31790005107729175,0.49041773849148346,eegnet,2.704562379417115e-05,PRUNED
129,0.328125,2025-06-14 04:44:56.041255,2025-06-14 04:45:52.752841,0 days 00:00:56.711586,MMD,128,2,2,32,1.1552547148949417,0.04814771221119509,0.14320987060882562,2,64,16,0.529494843445828,0.0001593707671540997,64,64,0.469798450416837,0.486131559667883,eegnet,7.302267719941866e-05,PRUNED
55,0.328125,2025-06-13 22:47:37.035665,2025-06-13 22:49:17.527704,0 days 00:01:40.492039,GroupDRO,128,4,1,64,0.26825188786628884,0.05597734425354026,0.12574081852536007,4,64,32,2.5511445348357205,0.003931012815954413,16,64,0.35822016042890337,0.7981774452243972,eegnet,6.411462737972937e-05,PRUNED
58,0.328125,2025-06-13 22:52:35.959720,2025-06-13 22:54:05.529042,0 days 00:01:29.569322,CORAL,128,2,1,64,1.4278946337907443,0.07978415992766678,0.14541198479757902,4,64,16,1.1932402088222354,0.0013680371432009347,16,128,0.34696579706765873,0.1353967130480929,eegnet,9.867016727467853e-06,PRUNED
51,0.32421875,2025-06-13 22:36:18.678077,2025-06-13 22:37:59.941698,0 days 00:01:41.263621,CORAL,128,2,1,64,2.342542683546464,0.051756401842662135,0.14583878515968848,4,64,32,7.103630115771288,0.003040240447726738,16,128,0.31463010353399307,0.3922063758420761,eegnet,1.5088650314324557e-05,PRUNED
133,0.32421875,2025-06-14 05:04:47.613984,2025-06-14 05:05:44.177983,0 days 00:00:56.563999,MMD,128,2,2,32,9.93963642126737,0.07701026450778706,0.1356975888056028,2,64,16,6.889317025973384,0.0046007694152561465,32,64,0.24337185215187299,0.544727513539705,eegnet,5.8568430715925754e-05,PRUNED
148,0.31640625,2025-06-14 06:12:27.930939,2025-06-14 06:15:13.965707,0 days 00:02:46.034768,MMD,128,4,2,32,0.9388941546680055,0.06368446230356348,0.12484525446863154,2,64,8,5.067117247205874,0.00313073144614147,64,128,0.4726434756143952,0.6453360688641011,eegnet,5.039507090321893e-05,PRUNED
61,0.30859375,2025-06-13 23:04:31.890178,2025-06-13 23:07:03.048071,0 days 00:02:31.157893,CORAL,64,2,2,64,0.19857997552313528,0.014401915261899574,0.22311666087675522,2,64,32,2.155214225863793,0.003300469562267231,16,64,0.12956718300375197,0.5553274090093078,eegnet,1.0220977745439553e-05,PRUNED
73,0.3046875,2025-06-13 23:38:14.717665,2025-06-13 23:41:03.115722,0 days 00:02:48.398057,CORAL,128,2,1,64,0.24462363477661475,0.05274945370214114,0.22327438115878098,4,64,32,0.6124531973395204,0.0036055410827969397,16,128,0.3362634405057842,5.103719208513632,eegnet,0.00022686037061333303,PRUNED
86,0.30078125,2025-06-14 00:17:46.954985,2025-06-14 00:19:27.574505,0 days 00:01:40.619520,CORAL,128,2,1,64,0.19756346260889535,0.06886171538314415,0.18321345067697342,4,64,32,0.4544001203933542,0.006290936332316346,16,64,0.3281731366939839,1.8616919321916263,eegnet,5.464693737560513e-05,PRUNED
4,0.30078125,2025-06-13 18:12:34.373287,2025-06-13 18:17:58.894476,0 days 00:05:24.521189,MMD,64,4,2,32,1.7205946252337605,0.024903814274398806,0.2065031234033446,4,64,32,0.39316510494480283,0.0020276205097284885,64,64,0.342444304299296,0.1146685506716546,meegnet,0.0009576837148433585,COMPLETE
70,0.296875,2025-06-13 23:32:13.791034,2025-06-13 23:33:46.661315,0 days 00:01:32.870281,CORAL,128,2,2,64,0.4947528281013944,0.03751641638424459,0.20237363990711923,2,64,32,0.4827151715277252,0.005553038896782379,64,128,0.1830870671188927,0.6442634211538326,eegnet,3.9429874552471143e-05,PRUNED
67,0.296875,2025-06-13 23:19:47.356415,2025-06-13 23:21:26.827054,0 days 00:01:39.470639,CORAL,128,4,3,64,0.1533125184099823,0.010455691677552524,0.31569979710823115,4,32,32,0.21632469816252833,0.0026478868527946013,32,64,0.30169147151201914,4.672018809272743,eegnet,0.0009487219554821193,PRUNED
29,0.27734375,2025-06-13 21:01:02.957318,2025-06-13 21:02:48.315623,0 days 00:01:45.358305,CORAL,128,2,1,64,0.46165967212307024,0.07461792061990138,0.10756312316945943,4,32,32,2.779136494767358,0.0010658440238558112,32,128,0.39535628380847687,1.0082859363992258,attention,3.5872165764365245e-05,PRUNED
77,0.27734375,2025-06-13 23:50:20.156022,2025-06-13 23:51:45.475859,0 days 00:01:25.319837,Mixup,128,2,1,64,0.12272390417901452,0.025137260226272235,0.2781643444885254,4,32,8,1.3602286760672866,0.0020759807396826925,16,32,0.23279639473074853,5.966388209652672,eegnet,1.67912861371082e-05,PRUNED
128,0.2734375,2025-06-14 04:44:00.107445,2025-06-14 04:44:56.023622,0 days 00:00:55.916177,Mixup,128,2,2,32,1.5928097244653572,0.0522577745218138,0.4490529672516259,2,64,16,0.8700445083042021,0.007670374425726436,64,32,0.4304953573840491,0.6078715964893026,eegnet,2.5997809518543306e-05,PRUNED
56,0.26953125,2025-06-13 22:49:17.555342,2025-06-13 22:51:14.022987,0 days 00:01:56.467645,CORAL,128,2,2,128,2.7495676022637388,0.08913795447253081,0.16720835714975282,2,64,32,3.516372928827683,0.0024846140339094117,16,128,0.2920023124951618,1.120018433416371,eegnet,4.523404451408312e-05,PRUNED
1,0.25390625,2025-06-13 18:01:40.636147,2025-06-13 18:05:17.515013,0 days 00:03:36.878866,CORAL,128,4,2,32,0.12113990692975797,0.0208269054622587,0.4164954870194416,4,64,8,0.13749844258430996,0.004399168939564111,64,64,0.3324460250784842,3.6232382935590475,meegnet,2.4860376970003985e-05,COMPLETE
25,0.25,2025-06-13 20:36:49.789065,2025-06-13 20:38:11.850687,0 days 00:01:22.061622,ERM,128,2,2,64,0.5484868490442096,0.0721932188432132,0.19603708271827056,2,64,32,0.22542718861623157,0.0040962944497721435,16,64,0.24675692862100004,0.43213561301413084,attention,0.00019268982441349115,PRUNED
24,0.25,2025-06-13 20:35:06.871226,2025-06-13 20:36:49.780635,0 days 00:01:42.909409,Mixup,128,2,2,64,0.10546680753409407,0.038598103928351904,0.11079366618780263,2,64,32,0.7689359911451037,0.003368598214110028,16,64,0.2650920842774893,2.3602958392646842,eegnet,5.237518961993975e-05,PRUNED
3,0.25,2025-06-13 18:08:58.238739,2025-06-13 18:12:34.362426,0 days 00:03:36.123687,IRM,128,2,1,32,1.4685485295130436,0.029090658472568157,0.13003421267335719,2,32,8,4.3070672268400685,0.0006973801647500355,32,64,0.35918895318208033,1.2689402475513187,meegnet,2.646314063588858e-05,COMPLETE
0,0.25,2025-06-13 17:57:58.749078,2025-06-13 18:01:40.623832,0 days 00:03:41.874754,MMD,64,4,3,32,7.538299440867952,0.02702497628927754,0.35626898151154285,4,32,8,3.2340922025761176,0.0013142806408927938,64,64,0.35237206975759316,0.9554558053053482,meegnet,4.531022199071151e-05,COMPLETE
20,0.25,2025-06-13 20:06:56.211702,2025-06-13 20:08:33.930150,0 days 00:01:37.718448,CORAL,64,2,2,128,0.6230333550718714,0.09014475744606502,0.24291812856046494,2,64,8,0.26727492457959856,0.005783695574765624,16,64,0.161525626854825,0.7151670839657902,eegnet,0.00020283208789129161,PRUNED
18,0.25,2025-06-13 19:56:26.199552,2025-06-13 19:57:58.598443,0 days 00:01:32.398891,CORAL,64,2,2,64,0.15827986695529436,0.016053349703316774,0.23773649270889124,2,64,32,2.2873554489839107,0.0093134010033215,16,64,0.1997721258409548,0.5930035906169075,attention,2.289836061397491e-06,PRUNED
14,0.25,2025-06-13 19:21:17.694997,2025-06-13 19:22:40.229863,0 days 00:01:22.534866,IRM,64,4,2,64,0.31987331696507193,0.012649483945397631,0.4038725460432626,2,64,32,1.219143346788988,0.0026857056216140715,16,128,0.4970017595193444,0.10348967998439806,attention,1.0803921628648833e-06,PRUNED
8,0.25,2025-06-13 18:40:41.261830,2025-06-13 18:45:19.871246,0 days 00:04:38.609416,GroupDRO,128,2,3,128,0.13655686451002427,0.022520812043567966,0.2979030868543239,2,32,16,0.34269402284857997,0.0005855023330323401,32,128,0.10821859702722066,8.818327376418607,meegnet,0.00015310442643875414,PRUNED
16,0.25,2025-06-13 19:31:24.235080,2025-06-13 19:43:19.084930,0 days 00:11:54.849850,CORAL,128,2,2,128,0.23558783864160687,0.04162383652823574,0.3447713859007018,2,64,32,0.6053709283568113,0.003344948357456198,16,32,0.4368430158065269,0.24001793478187686,eegnet,8.746292688069132e-05,PRUNED
2,0.25,2025-06-13 18:05:17.525933,2025-06-13 18:08:58.226178,0 days 00:03:40.700245,Mixup,64,2,1,32,2.0008663876093054,0.02886728892148179,0.2863808581274561,2,32,16,0.8905864259398166,0.00012523276471949378,64,32,0.10517761541969183,0.2889800698242364,attention,0.0005713170429250228,COMPLETE
149,0.25,2025-06-14 06:15:13.973535,2025-06-14 06:16:16.249218,0 days 00:01:02.275683,MMD,128,2,2,128,1.7155633771439924,0.06559681528631293,0.1323688197173348,2,64,16,0.41273583753122156,0.0036730042224477986,64,64,0.2609833315313163,0.47309313781745865,meegnet,1.857324587971551e-05,PRUNED
126,0.25,2025-06-14 04:42:10.534291,2025-06-14 04:43:05.614394,0 days 00:00:55.080103,MMD,128,2,2,32,4.686347475685896,0.05896113337577655,0.3615837572222349,2,64,16,2.6128657868498784,0.0067216793111062505,64,64,0.488109971027927,0.3423290060909864,attention,5.2203299613371746e-05,PRUNED
28,0.25,2025-06-13 20:59:19.858129,2025-06-13 21:01:02.910627,0 days 00:01:43.052498,CORAL,128,2,1,128,0.2538971273309753,0.0999760073650306,0.13692062208686925,4,64,8,0.43302718576544014,0.007436054948988529,16,128,0.2951422888816231,1.5691750909469264,eegnet,5.883946109209755e-05,PRUNED
35,0.25,2025-06-13 21:31:49.732761,2025-06-13 21:33:13.811110,0 days 00:01:24.078349,MMD,128,2,1,64,0.305838009727094,0.08200119119243356,0.17526607411284162,4,32,8,4.313202665985224,0.007090539360442262,64,128,0.34054796473535126,0.34471355508465235,meegnet,2.557662921714713e-05,PRUNED
33,0.25,2025-06-13 21:29:35.065287,2025-06-13 21:31:17.663740,0 days 00:01:42.598453,Mixup,128,2,1,64,0.15374244923805028,0.036827029674649715,0.2129181762494342,4,64,32,6.437037347334646,0.004647939629981939,16,128,0.27564784424764077,2.9417160531645683,eegnet,3.8903427647217934e-05,PRUNED
59,0.25,2025-06-13 22:54:05.536871,2025-06-13 22:55:37.265033,0 days 00:01:31.728162,Mixup,128,2,2,64,0.17109634334282026,0.026809337593774598,0.19182790828290378,2,64,32,0.7173620105951599,0.00044302839416828345,64,32,0.2504747306194137,0.5978465431078961,eegnet,2.9156147016995224e-05,PRUNED
78,0.25,2025-06-13 23:51:45.501036,2025-06-13 23:53:25.016525,0 days 00:01:39.515489,CORAL,64,4,1,128,0.2328951683733953,0.042580222143890484,0.19880460761035576,4,64,32,0.32086734050435883,0.0028764540599171898,16,64,0.24709821529223597,7.473449932305127,meegnet,2.4363688450097105e-05,PRUNED
79,0.25,2025-06-13 23:53:25.064503,2025-06-13 23:56:02.800287,0 days 00:02:37.735784,CORAL,128,2,2,32,9.434038944908412,0.03001831094240423,0.14944125122372567,2,64,32,0.5540621396093715,0.007471836151643386,32,128,0.3668564926074117,0.7746573556364025,attention,8.969324786613346e-05,PRUNED
49,0.25,2025-06-13 22:33:15.260980,2025-06-13 22:34:36.106777,0 days 00:01:20.845797,CORAL,128,2,1,32,0.32855342658217895,0.023638321771433775,0.20984558766082917,2,32,32,9.931257602084822,0.0008395298255290513,16,64,0.27291239330800987,7.1710395195289225,meegnet,3.342069549593877e-05,PRUNED
45,0.25,2025-06-13 22:16:54.559284,2025-06-13 22:19:12.271323,0 days 00:02:17.712039,CORAL,128,2,1,128,0.3693165884552132,0.026816307881935866,0.17253446353257873,4,32,32,1.6832673909921387,0.00016334059402007954,32,128,0.2422465770340837,1.5987043321577765,eegnet,8.07352798411972e-05,PRUNED
40,0.25,2025-06-13 21:55:49.478194,2025-06-13 21:57:12.340911,0 days 00:01:22.862717,Mixup,128,4,2,32,0.53223354689528,0.025259111496405456,0.13312677738124237,4,64,16,0.9773005750195335,0.0011572530668017128,64,128,0.2549731267153749,0.1862327599249273,meegnet,7.715695520957151e-06,PRUNED
39,0.25,2025-06-13 21:54:27.958058,2025-06-13 21:55:49.458695,0 days 00:01:21.500637,MMD,128,2,3,32,2.1729760063373593,0.018728790657515742,0.20647216232638393,4,64,32,0.10444494736680014,0.0009926827019280755,16,64,0.3671330823061776,0.2560724101024677,attention,2.025512244798489e-05,PRUNED
48,0.25,2025-06-13 22:31:52.025140,2025-06-13 22:33:15.254334,0 days 00:01:23.229194,ERM,128,2,3,64,5.882192689815366,0.03069804203691053,0.16299998804783494,2,64,8,0.6704095211275446,0.0015712519779126281,16,128,0.389212924039264,1.303027862999393,eegnet,7.196732137327216e-06,PRUNED
65,0.25,2025-06-13 23:16:44.966611,2025-06-13 23:18:26.302418,0 days 00:01:41.335807,CORAL,64,2,2,128,0.18160329387241533,0.02200513337415486,0.20621065324615506,2,64,8,4.775596279270473,0.005029409321931604,16,64,0.26335961184579104,0.9459741146158723,eegnet,1.952142920074526e-05,PRUNED
66,0.25,2025-06-13 23:18:26.310335,2025-06-13 23:19:47.347609,0 days 00:01:21.037274,ERM,64,2,1,64,0.11441718486171988,0.013568628227503753,0.24973173989924657,2,64,32,0.6109327859368607,0.007948649878528136,16,128,0.3207397172314564,0.8418201797137747,attention,4.229584220198898e-06,PRUNED
57,0.25,2025-06-13 22:51:14.030654,2025-06-13 22:52:35.950353,0 days 00:01:21.919699,IRM,64,2,2,64,0.22276237082466493,0.03861301843600426,0.37589893697350196,2,64,32,8.734266895889448,0.0016943741939584648,16,64,0.14227962456050688,0.46119510024616905,attention,0.00010715011943365389,PRUNED
99,0.25,2025-06-14 01:48:53.678467,2025-06-14 01:51:35.335175,0 days 00:02:41.656708,MMD,128,4,1,32,2.479584111397968,0.07733808718329441,0.15272938636654504,2,64,16,0.28207560681319344,0.003059844028205233,64,128,0.27893919182932625,0.16097226473749088,attention,3.656428358288689e-05,PRUNED
131,0.25,2025-06-14 04:51:59.219680,2025-06-14 04:53:04.146160,0 days 00:01:04.926480,ERM,128,2,2,128,1.0356802892718915,0.08450314016532799,0.3273273429351171,2,64,8,0.7104470188482191,0.005457250410717584,64,64,0.4585611237051579,0.4529988447058879,eegnet,8.907252018810264e-05,PRUNED
127,0.25,2025-06-14 04:43:05.622420,2025-06-14 04:44:00.089110,0 days 00:00:54.466690,GroupDRO,128,2,2,32,1.7443060015235925,0.046210664054442525,0.4150246709514583,2,64,16,0.573497782548833,0.0038666056226632503,64,64,0.44447052533646614,0.3947867393406299,meegnet,3.928765484421067e-05,PRUNED
98,0.25,2025-06-14 01:47:59.460997,2025-06-14 01:48:53.656637,0 days 00:00:54.195640,MMD,128,4,1,32,3.1978911039586393,0.0851706718313941,0.13772359893056538,2,64,16,0.8593609746947046,0.003619800443242295,64,128,0.2488955057789786,0.24461791649957906,meegnet,1.363953282950987e-05,PRUNED
146,0.24609375,2025-06-14 06:02:36.835920,2025-06-14 06:03:05.207021,0 days 00:00:28.371101,MMD,128,2,2,32,2.09770794080069,0.0714421404677069,0.1211089335079051,2,64,16,6.433874400368016,0.0034238632981399004,64,128,0.282308364120566,0.6020931451564474,eegnet,1.3256568715616099e-05,PRUNED
6,0.24609375,2025-06-13 18:27:58.179555,2025-06-13 18:32:03.099865,0 days 00:04:04.920310,GroupDRO,128,4,1,64,9.500392611980372,0.05597032676427719,0.15933349885272668,4,32,32,0.17681906775328884,0.00046777898045663533,32,128,0.41393587272634325,6.078867835088094,meegnet,1.31935402973792e-06,PRUNED
34,0.24609375,2025-06-13 21:31:17.670992,2025-06-13 21:31:49.715853,0 days 00:00:32.044861,CORAL,128,2,1,32,0.13253684947838537,0.034507967054399305,0.2773052730701263,4,64,32,1.065375071689228,0.003881070022183915,16,128,0.23575384340932964,5.30011143581411,eegnet,0.00032254367804568476,PRUNED
41,0.24609375,2025-06-13 21:57:12.360014,2025-06-13 21:57:43.159489,0 days 00:00:30.799475,CORAL,128,2,1,32,0.13667129206392778,0.03138151528652296,0.16186107919097806,4,64,32,0.41129928994131254,0.0034889288469137627,16,128,0.22082831194495625,9.865384828783691,eegnet,3.145748821752038e-05,PRUNED
107,0.2421875,2025-06-14 02:44:49.664241,2025-06-14 02:45:17.563707,0 days 00:00:27.899466,MMD,128,2,2,32,1.4301557407613044,0.06381184186997416,0.12879947503050934,2,64,16,0.5708059188742524,0.004116466946974112,64,64,0.44041675106096406,0.5666609561884806,eegnet,1.816028730688912e-05,PRUNED
134,0.2421875,2025-06-14 05:05:44.197410,2025-06-14 05:06:13.654252,0 days 00:00:29.456842,MMD,128,2,2,32,8.516426172820523,0.09517958817199225,0.43632570590687303,2,64,16,5.953471273598811,0.003151315177852251,32,64,0.22822153276169635,0.21035448606610624,eegnet,4.644238053686835e-05,PRUNED
100,0.23828125,2025-06-14 01:51:35.354605,2025-06-14 01:52:03.229494,0 days 00:00:27.874889,MMD,128,4,2,32,5.903426479903938,0.05437432898002491,0.1093890461864986,2,64,16,0.6633803529290655,0.001534854981563918,64,32,0.2678936343739317,0.2684165342168355,eegnet,4.826433049516835e-05,PRUNED
68,0.23828125,2025-06-13 23:21:26.834269,2025-06-13 23:22:48.191594,0 days 00:01:21.357325,IRM,128,2,2,32,0.2073532804678072,0.03322173145160537,0.18631249078672724,2,64,32,6.003255480625296,0.0030943024070091726,16,128,0.23469848094538193,3.558386891569224,meegnet,6.727245254328738e-05,PRUNED
80,0.23828125,2025-06-13 23:56:02.808856,2025-06-13 23:57:40.519984,0 days 00:01:37.711128,ERM,128,2,3,64,0.3838537899899429,0.06081387362086589,0.13250452208156696,4,64,32,6.754905762317949,0.0024886143253875347,16,128,0.33537772222922746,0.3387284416974102,eegnet,1.2171317971093726e-05,PRUNED
10,0.234375,2025-06-13 18:53:18.855382,2025-06-13 18:55:49.824198,0 days 00:02:30.968816,IRM,64,2,3,64,0.3922293402551964,0.057097222698608674,0.395989776686299,2,64,32,8.843217146840606,0.008787544287209048,16,32,0.22638778157228656,0.32255830352117787,eegnet,5.210433510783697e-06,PRUNED
136,0.2265625,2025-06-14 05:10:27.735308,2025-06-14 05:10:56.137505,0 days 00:00:28.402197,MMD,128,2,3,32,2.6993204035083194,0.09368982192123042,0.1267277089419538,2,32,16,9.024626870997805,0.004391321198591449,32,64,0.25260634331083365,0.4324776696818058,eegnet,2.9820623790754435e-05,PRUNED
37,0.125,2025-06-13 21:48:47.574538,2025-06-13 21:49:15.502307,0 days 00:00:27.927769,GroupDRO,128,4,1,32,1.255829062162819,0.029205537793695155,0.13078896177366356,4,64,16,0.5402589556744957,0.002357897865596392,64,64,0.2874526962257724,4.294473568442268,meegnet,5.7619237913998295e-05,PRUNED
